{"stats":{"minecraft:picked_up":{"minecraft:wooden_axe":3,"minecraft:iron_chestplate":2,"minecraft:wheat":77,"minecraft:brewing_stand":2,"minecraft:string":1,"minecraft:raw_copper":5,"minecraft:iron_leggings":1,"minecraft:oak_sign":4,"minecraft:activator_rail":3,"minecraft:deepslate_tiles":1,"minecraft:cobbled_deepslate":322,"minecraft:bucket":1,"minecraft:iron_pickaxe":3,"minecraft:furnace":4,"minecraft:iron_boots":1,"minecraft:dark_oak_door":3,"minecraft:stick":9,"minecraft:big_dripleaf":1,"minecraft:composter":1,"minecraft:oak_fence":58,"minecraft:torch":14,"minecraft:diorite":2,"minecraft:cauldron":4,"minecraft:stone_sword":1,"minecraft:rotten_flesh":21,"minecraft:obsidian":14,"minecraft:cobblestone":201,"minecraft:birch_log":6,"minecraft:water_bucket":1,"minecraft:andesite":3,"minecraft:potato":3,"minecraft:flint":2,"minecraft:tuff":22,"minecraft:lapis_lazuli":52,"minecraft:dirt":296,"minecraft:leather_boots":1,"minecraft:bone":11,"minecraft:stonecutter":2,"minecraft:bow":2,"minecraft:wheat_seeds":261,"minecraft:raw_gold":6,"minecraft:bamboo":7,"minecraft:oak_planks":61,"minecraft:sand":405,"minecraft:dark_oak_log":9,"minecraft:red_terracotta":2,"minecraft:iron_hoe":1,"minecraft:diamond":18,"minecraft:granite":1,"minecraft:bread":189,"minecraft:emerald":1,"minecraft:oak_sapling":6,"minecraft:netherrack":17,"minecraft:dark_oak_fence":8,"minecraft:crimson_roots":7,"minecraft:diamond_pickaxe":1,"minecraft:crafting_table":11,"minecraft:chicken":1,"minecraft:chest_minecart":2,"minecraft:gold_block":5,"minecraft:shield":1,"minecraft:iron_shovel":1,"minecraft:detector_rail":2,"minecraft:beef":30,"minecraft:oak_boat":10,"minecraft:light_gray_wool":1,"minecraft:poppy":5,"minecraft:lectern":1,"minecraft:chest":3,"minecraft:egg":4,"minecraft:dark_oak_sapling":2,"minecraft:raw_iron":43,"minecraft:carrot":187,"minecraft:redstone":264,"minecraft:dark_oak_planks":17,"minecraft:arrow":6,"minecraft:beetroot_seeds":6,"minecraft:hay_block":29,"minecraft:gold_ingot":1,"minecraft:mutton":20,"minecraft:white_wool":14,"minecraft:rail":14,"minecraft:leather":29,"minecraft:filled_map":1,"minecraft:oak_log":144,"minecraft:lily_pad":1,"minecraft:nether_wart_block":3,"minecraft:yellow_bed":14,"minecraft:gunpowder":3,"minecraft:cobblestone_stairs":5,"minecraft:deepslate_tile_slab":3,"minecraft:white_banner":1,"minecraft:apple":3,"minecraft:kelp":4,"minecraft:oak_fence_gate":3,"minecraft:iron_ingot":23,"minecraft:stone_pickaxe":2,"minecraft:flowering_azalea":1,"minecraft:iron_sword":2,"minecraft:book":12,"minecraft:warped_fungus":1,"minecraft:pumpkin":1,"minecraft:sweet_berries":8,"minecraft:stone_brick_slab":1,"minecraft:dripstone_block":2,"minecraft:gravel":6,"minecraft:white_bed":16,"minecraft:diamond_shovel":2,"minecraft:iron_helmet":1,"minecraft:cherry_sapling":1,"minecraft:melon_seeds":3,"minecraft:coal":33},"minecraft:killed":{"minecraft:spider":2,"minecraft:skeleton":3,"minecraft:chicken":1,"minecraft:pig":1,"minecraft:zombie_villager":1,"minecraft:iron_golem":5,"minecraft:creeper":4,"minecraft:sheep":15,"minecraft:pillager":13,"minecraft:zombie":11,"minecraft:donkey":3,"minecraft:cow":14,"minecraft:horse":6,"minecraft:drowned":1,"minecraft:villager":3},"minecraft:broken":{"minecraft:iron_shovel":1,"minecraft:stone_hoe":1,"minecraft:iron_axe":1,"minecraft:iron_pickaxe":1},"minecraft:mined":{"minecraft:white_bed":17,"minecraft:farmland":16,"minecraft:cobblestone_stairs":5,"minecraft:sculk_vein":13,"minecraft:brewing_stand":2,"minecraft:obsidian":14,"minecraft:granite":1,"minecraft:grass_block":205,"minecraft:composter":1,"minecraft:oak_wall_sign":4,"minecraft:spawner":1,"minecraft:sculk_catalyst":2,"minecraft:iron_ore":26,"minecraft:cobbled_deepslate":10,"minecraft:fire":2,"minecraft:pumpkin":1,"minecraft:deepslate_lapis_ore":8,"minecraft:sculk_shrieker":10,"minecraft:dirt_path":8,"minecraft:oak_stairs":1,"minecraft:deepslate_redstone_ore":57,"minecraft:crimson_nylium":16,"minecraft:deepslate_tile_slab":3,"minecraft:torch":6,"minecraft:chest":3,"minecraft:white_stained_glass_pane":1,"minecraft:glass":26,"minecraft:cobblestone":18,"minecraft:oak_planks":31,"minecraft:wall_torch":6,"minecraft:cauldron":1,"minecraft:seagrass":3,"minecraft:nether_wart_block":4,"minecraft:birch_log":6,"minecraft:wheat":94,"minecraft:warped_fungus":1,"minecraft:yellow_stained_glass_pane":1,"minecraft:grass":151,"minecraft:oak_log":145,"minecraft:beetroots":4,"minecraft:oak_fence_gate":3,"minecraft:sand":440,"minecraft:dirt":58,"minecraft:stonecutter":1,"minecraft:netherrack":1,"minecraft:oak_leaves":57,"minecraft:deepslate":245,"minecraft:deepslate_tiles":1,"minecraft:tuff":14,"minecraft:dark_oak_leaves":32,"minecraft:deepslate_diamond_ore":14,"minecraft:dark_oak_log":9,"minecraft:dark_oak_fence":6,"minecraft:moss_block":1,"minecraft:hay_block":29,"minecraft:furnace":5,"minecraft:carrots":99,"minecraft:andesite":5,"minecraft:gold_block":5,"minecraft:bookshelf":4,"minecraft:potatoes":3,"minecraft:deepslate_iron_ore":19,"minecraft:stone":143,"minecraft:stone_brick_slab":1,"minecraft:oak_fence":59,"minecraft:crafting_table":10,"minecraft:emerald_ore":1,"minecraft:sculk_sensor":17,"minecraft:lectern":1,"minecraft:tall_grass":40,"minecraft:copper_ore":1,"minecraft:sculk":290,"minecraft:diorite":1,"minecraft:red_terracotta":2,"minecraft:sweet_berry_bush":1,"minecraft:birch_leaves":7,"minecraft:yellow_bed":14,"minecraft:coal_ore":22,"minecraft:cherry_leaves":13,"minecraft:gravel":6},"minecraft:killed_by":{"minecraft:zombie":1,"minecraft:warden":1,"minecraft:skeleton":1},"minecraft:custom":{"minecraft:animals_bred":3,"minecraft:interact_with_crafting_table":78,"minecraft:leave_game":4,"minecraft:time_since_death":188505,"minecraft:sprint_one_cm":1114340,"minecraft:damage_blocked_by_shield":90,"minecraft:drop":164,"minecraft:talked_to_villager":3,"minecraft:play_time":345864,"minecraft:deaths":5,"minecraft:jump":6697,"minecraft:walk_on_water_one_cm":112637,"minecraft:interact_with_furnace":200,"minecraft:sleep_in_bed":16,"minecraft:damage_dealt":17361,"minecraft:crouch_one_cm":91734,"minecraft:mob_kills":83,"minecraft:climb_one_cm":37350,"minecraft:walk_one_cm":642364,"minecraft:sneak_time":29822,"minecraft:walk_under_water_one_cm":56918,"minecraft:boat_one_cm":642064,"minecraft:total_world_time":345864,"minecraft:time_since_rest":70462,"minecraft:damage_taken":4495,"minecraft:swim_one_cm":169045,"minecraft:fly_one_cm":1289669,"minecraft:open_chest":148,"minecraft:fall_one_cm":217607},"minecraft:used":{"minecraft:iron_shovel":300,"minecraft:oak_sign":8,"minecraft:diamond_hoe":83,"minecraft:chest":8,"minecraft:shield":3,"minecraft:iron_sword":70,"minecraft:iron_chestplate":1,"minecraft:carrot":80,"minecraft:deepslate_tile_slab":77,"minecraft:tuff":8,"minecraft:obsidian":10,"minecraft:glass":361,"minecraft:lava_bucket":2,"minecraft:iron_helmet":2,"minecraft:bow":2,"minecraft:warped_fungus":1,"minecraft:furnace":10,"minecraft:egg":4,"minecraft:diorite":1,"minecraft:stone_pickaxe":125,"minecraft:oak_planks":89,"minecraft:wooden_pickaxe":17,"minecraft:composter":2,"minecraft:deepslate_tiles":3,"minecraft:bread":46,"minecraft:nether_wart_block":3,"minecraft:andesite":2,"minecraft:oak_boat":9,"minecraft:oak_trapdoor":16,"minecraft:oak_fence":43,"minecraft:stone_sword":29,"minecraft:flint_and_steel":2,"minecraft:stone_hoe":213,"minecraft:netherrack":17,"minecraft:torch":34,"minecraft:dirt":100,"minecraft:golden_chestplate":1,"minecraft:granite":1,"minecraft:iron_hoe":86,"minecraft:stone_brick_slab":1,"minecraft:wooden_axe":11,"minecraft:iron_axe":357,"minecraft:iron_boots":1,"minecraft:cooked_beef":7,"minecraft:cobbled_deepslate":33,"minecraft:iron_leggings":1,"minecraft:wheat_seeds":160,"minecraft:cooked_mutton":6,"minecraft:water_bucket":154,"minecraft:cauldron":4,"minecraft:leather_boots":1,"minecraft:crafting_table":14,"minecraft:white_bed":18,"minecraft:dark_oak_door":3,"minecraft:oak_log":14,"minecraft:diamond_pickaxe":14,"minecraft:apple":3,"minecraft:diamond_shovel":415,"minecraft:iron_pickaxe":497,"minecraft:stone_axe":65,"minecraft:cobblestone":34,"minecraft:white_banner":1,"minecraft:cooked_porkchop":16,"minecraft:bucket":161,"minecraft:yellow_bed":13},"minecraft:dropped":{"minecraft:iron_sword":2,"minecraft:moss_block":1,"minecraft:cooked_beef":29,"minecraft:oak_log":71,"minecraft:diamond":1,"minecraft:leather":7,"minecraft:chest_minecart":2,"minecraft:rail":14,"minecraft:leather_helmet":1,"minecraft:cobblestone_stairs":5,"minecraft:flint":2,"minecraft:emerald":1,"minecraft:dirt":9,"minecraft:dark_oak_fence":8,"minecraft:mutton":6,"minecraft:crimson_roots":7,"minecraft:sand":259,"minecraft:iron_pickaxe":1,"minecraft:dark_oak_planks":38,"minecraft:white_wool":2,"minecraft:gold_ingot":1,"minecraft:gravel":4,"minecraft:stone_axe":2,"minecraft:cobbled_deepslate":53,"minecraft:golden_chestplate":1,"minecraft:detector_rail":2,"minecraft:rotten_flesh":19,"minecraft:oak_planks":5,"minecraft:diamond_shovel":1,"minecraft:cooked_mutton":6,"minecraft:white_bed":1,"minecraft:carrot":1,"minecraft:poppy":3,"minecraft:oak_fence_gate":3,"minecraft:leather_chestplate":1,"minecraft:gunpowder":1,"minecraft:beetroot_seeds":6,"minecraft:leather_boots":1,"minecraft:chest":1,"minecraft:leather_leggings":1,"minecraft:arrow":4,"minecraft:beef":9,"minecraft:water_bucket":2,"minecraft:iron_ingot":4,"minecraft:bread":88,"minecraft:oak_slab":9,"minecraft:wheat_seeds":102,"minecraft:tnt":1,"minecraft:dripstone_block":2,"minecraft:iron_helmet":1,"minecraft:cobblestone":42,"minecraft:activator_rail":3,"minecraft:coal":19,"minecraft:stick":14,"minecraft:diorite":1,"minecraft:wooden_axe":3,"minecraft:stonecutter":2,"minecraft:kelp":4,"minecraft:sweet_berries":16,"minecraft:stone_sword":3,"minecraft:raw_copper":5,"minecraft:tuff":14,"minecraft:composter":1,"minecraft:chicken":1,"minecraft:light_gray_wool":1,"minecraft:iron_boots":1,"minecraft:iron_hoe":1,"minecraft:red_terracotta":2,"minecraft:filled_map":2,"minecraft:hay_block":2,"minecraft:iron_chestplate":1,"minecraft:diamond_pickaxe":1,"minecraft:andesite":1,"minecraft:oak_boat":1,"minecraft:oak_sapling":3,"minecraft:bow":2,"minecraft:stone_pickaxe":4,"minecraft:wooden_pickaxe":1,"minecraft:raw_gold":6},"minecraft:crafted":{"minecraft:oak_planks":332,"minecraft:oak_sign":6,"minecraft:cooked_mutton":12,"minecraft:glass":398,"minecraft:iron_boots":1,"minecraft:chest":6,"minecraft:stone_hoe":3,"minecraft:oak_fence":51,"minecraft:oak_slab":30,"minecraft:cooked_porkchop":16,"minecraft:crafting_table":5,"minecraft:wooden_pickaxe":1,"minecraft:iron_helmet":2,"minecraft:hay_block":2,"minecraft:birch_planks":24,"minecraft:charcoal":47,"minecraft:book":1,"minecraft:iron_chestplate":1,"minecraft:paper":3,"minecraft:diamond_pickaxe":1,"minecraft:stick":104,"minecraft:leather_chestplate":1,"minecraft:iron_ingot":33,"minecraft:iron_pickaxe":3,"minecraft:stone_sword":3,"minecraft:composter":3,"minecraft:deepslate_bricks":96,"minecraft:deepslate_tile_slab":102,"minecraft:leather_leggings":1,"minecraft:furnace":6,"minecraft:oak_trapdoor":16,"minecraft:polished_deepslate":96,"minecraft:iron_axe":3,"minecraft:stone_pickaxe":8,"minecraft:dark_oak_planks":36,"minecraft:wheat":261,"minecraft:cooked_beef":44,"minecraft:enchanting_table":1,"minecraft:iron_sword":2,"minecraft:leather_helmet":1,"minecraft:bucket":3,"minecraft:deepslate_tiles":96,"minecraft:stone_axe":3,"minecraft:air":0,"minecraft:bread":82,"minecraft:oak_boat":1,"minecraft:iron_shovel":1,"minecraft:iron_leggings":2,"minecraft:white_bed":4,"minecraft:torch":32}},"DataVersion":3465}