{"stats":{"minecraft:killed":{"minecraft:spider":2,"minecraft:horse":6,"minecraft:chicken":1,"minecraft:iron_golem":2,"minecraft:creeper":1,"minecraft:sheep":12,"minecraft:pillager":13,"minecraft:donkey":3,"minecraft:zombie":3,"minecraft:cow":14},"minecraft:killed_by":{"minecraft:warden":1,"minecraft:skeleton":1,"minecraft:zombie":1},"minecraft:dropped":{"minecraft:bread":88,"minecraft:moss_block":1,"minecraft:wheat_seeds":19,"minecraft:cooked_beef":29,"minecraft:tnt":1,"minecraft:diamond":1,"minecraft:cobblestone":3,"minecraft:leather":7,"minecraft:chest_minecart":2,"minecraft:activator_rail":3,"minecraft:rail":14,"minecraft:coal":19,"minecraft:leather_helmet":1,"minecraft:stick":3,"minecraft:emerald":1,"minecraft:diorite":1,"minecraft:dark_oak_fence":8,"minecraft:mutton":3,"minecraft:wooden_axe":3,"minecraft:stonecutter":2,"minecraft:sand":19,"minecraft:dark_oak_planks":38,"minecraft:stone_axe":2,"minecraft:kelp":4,"minecraft:sweet_berries":16,"minecraft:golden_chestplate":1,"minecraft:detector_rail":2,"minecraft:stone_sword":2,"minecraft:raw_copper":5,"minecraft:chicken":1,"minecraft:rotten_flesh":1,"minecraft:oak_planks":2,"minecraft:cooked_mutton":6,"minecraft:white_bed":1,"minecraft:red_terracotta":2,"minecraft:filled_map":2,"minecraft:poppy":1,"minecraft:leather_chestplate":1,"minecraft:hay_block":2,"minecraft:beetroot_seeds":6,"minecraft:leather_boots":1,"minecraft:oak_sapling":1,"minecraft:chest":1,"minecraft:leather_leggings":1,"minecraft:beef":9,"minecraft:stone_pickaxe":2,"minecraft:wooden_pickaxe":1},"minecraft:broken":{"minecraft:stone_hoe":1},"minecraft:crafted":{"minecraft:oak_planks":44,"minecraft:leather_leggings":1,"minecraft:furnace":2,"minecraft:cooked_mutton":12,"minecraft:iron_axe":1,"minecraft:stone_pickaxe":5,"minecraft:chest":2,"minecraft:dark_oak_planks":36,"minecraft:stone_hoe":2,"minecraft:wheat":117,"minecraft:cooked_beef":44,"minecraft:cooked_porkchop":16,"minecraft:crafting_table":3,"minecraft:wooden_pickaxe":1,"minecraft:iron_helmet":1,"minecraft:iron_sword":1,"minecraft:leather_helmet":1,"minecraft:bucket":1,"minecraft:birch_planks":24,"minecraft:hay_block":2,"minecraft:stone_axe":3,"minecraft:bread":33,"minecraft:air":0,"minecraft:oak_boat":1,"minecraft:iron_chestplate":1,"minecraft:diamond_pickaxe":1,"minecraft:stick":36,"minecraft:leather_chestplate":1,"minecraft:iron_ingot":10,"minecraft:iron_pickaxe":2,"minecraft:stone_sword":2,"minecraft:iron_leggings":2,"minecraft:white_bed":4,"minecraft:torch":4},"minecraft:mined":{"minecraft:tuff":3,"minecraft:white_bed":8,"minecraft:dark_oak_leaves":32,"minecraft:deepslate_diamond_ore":11,"minecraft:sculk_vein":5,"minecraft:cobblestone_stairs":5,"minecraft:dark_oak_log":9,"minecraft:brewing_stand":1,"minecraft:granite":1,"minecraft:dark_oak_fence":6,"minecraft:grass_block":1,"minecraft:moss_block":1,"minecraft:hay_block":13,"minecraft:furnace":5,"minecraft:carrots":9,"minecraft:iron_ore":26,"minecraft:fire":2,"minecraft:andesite":5,"minecraft:pumpkin":1,"minecraft:gold_block":5,"minecraft:sculk_shrieker":6,"minecraft:potatoes":3,"minecraft:stone":99,"minecraft:deepslate_redstone_ore":24,"minecraft:stone_brick_slab":1,"minecraft:oak_fence":1,"minecraft:crafting_table":6,"minecraft:torch":6,"minecraft:emerald_ore":1,"minecraft:chest":2,"minecraft:sculk_sensor":5,"minecraft:tall_grass":33,"minecraft:copper_ore":1,"minecraft:cobblestone":14,"minecraft:oak_planks":1,"minecraft:sculk":132,"minecraft:diorite":1,"minecraft:cauldron":1,"minecraft:red_terracotta":2,"minecraft:birch_log":6,"minecraft:sweet_berry_bush":1,"minecraft:wheat":11,"minecraft:birch_leaves":2,"minecraft:grass":15,"minecraft:coal_ore":16,"minecraft:oak_log":16,"minecraft:beetroots":4,"minecraft:gravel":2,"minecraft:cherry_leaves":13,"minecraft:dirt":3,"minecraft:sand":47,"minecraft:stonecutter":1,"minecraft:deepslate":108},"minecraft:custom":{"minecraft:mob_kills":57,"minecraft:interact_with_crafting_table":40,"minecraft:leave_game":1,"minecraft:time_since_death":6432,"minecraft:climb_one_cm":8690,"minecraft:sprint_one_cm":541192,"minecraft:walk_one_cm":248193,"minecraft:damage_blocked_by_shield":90,"minecraft:drop":81,"minecraft:talked_to_villager":1,"minecraft:play_time":152441,"minecraft:deaths":4,"minecraft:sneak_time":8375,"minecraft:walk_under_water_one_cm":22598,"minecraft:boat_one_cm":642064,"minecraft:jump":3372,"minecraft:walk_on_water_one_cm":29136,"minecraft:total_world_time":152441,"minecraft:interact_with_furnace":67,"minecraft:sleep_in_bed":12,"minecraft:time_since_rest":3004,"minecraft:damage_taken":2797,"minecraft:damage_dealt":11042,"minecraft:swim_one_cm":68626,"minecraft:fly_one_cm":680937,"minecraft:open_chest":40,"minecraft:crouch_one_cm":21972,"minecraft:fall_one_cm":111898},"minecraft:used":{"minecraft:stone_sword":24,"minecraft:iron_shovel":47,"minecraft:flint_and_steel":1,"minecraft:chest":3,"minecraft:shield":3,"minecraft:iron_sword":17,"minecraft:stone_hoe":142,"minecraft:torch":9,"minecraft:tuff":3,"minecraft:golden_chestplate":1,"minecraft:granite":1,"minecraft:stone_brick_slab":1,"minecraft:wooden_axe":11,"minecraft:iron_axe":77,"minecraft:iron_helmet":1,"minecraft:furnace":5,"minecraft:cooked_beef":7,"minecraft:cobbled_deepslate":14,"minecraft:cooked_mutton":6,"minecraft:water_bucket":30,"minecraft:diorite":1,"minecraft:stone_pickaxe":87,"minecraft:wooden_pickaxe":17,"minecraft:cauldron":4,"minecraft:leather_boots":1,"minecraft:crafting_table":8,"minecraft:white_bed":10,"minecraft:dark_oak_door":3,"minecraft:iron_pickaxe":233,"minecraft:stone_axe":59,"minecraft:cobblestone":27,"minecraft:cooked_porkchop":16,"minecraft:bucket":32,"minecraft:andesite":2,"minecraft:oak_boat":9},"minecraft:picked_up":{"minecraft:wooden_axe":3,"minecraft:crafting_table":6,"minecraft:chicken":1,"minecraft:chest_minecart":2,"minecraft:gold_block":5,"minecraft:brewing_stand":1,"minecraft:shield":1,"minecraft:string":1,"minecraft:raw_copper":5,"minecraft:iron_shovel":1,"minecraft:activator_rail":3,"minecraft:cobbled_deepslate":107,"minecraft:detector_rail":2,"minecraft:bucket":1,"minecraft:beef":30,"minecraft:oak_boat":9,"minecraft:iron_pickaxe":1,"minecraft:poppy":1,"minecraft:chest":2,"minecraft:furnace":3,"minecraft:dark_oak_door":3,"minecraft:dark_oak_sapling":2,"minecraft:stick":3,"minecraft:raw_iron":26,"minecraft:big_dripleaf":1,"minecraft:torch":6,"minecraft:diorite":2,"minecraft:carrot":9,"minecraft:redstone":107,"minecraft:cauldron":4,"minecraft:dark_oak_planks":17,"minecraft:rotten_flesh":1,"minecraft:beetroot_seeds":6,"minecraft:hay_block":13,"minecraft:mutton":15,"minecraft:cobblestone":116,"minecraft:white_wool":12,"minecraft:rail":14,"minecraft:birch_log":6,"minecraft:andesite":2,"minecraft:leather":29,"minecraft:potato":3,"minecraft:filled_map":1,"minecraft:tuff":3,"minecraft:oak_log":16,"minecraft:lily_pad":1,"minecraft:cobblestone_stairs":5,"minecraft:dirt":9,"minecraft:white_banner":1,"minecraft:leather_boots":1,"minecraft:kelp":4,"minecraft:stonecutter":2,"minecraft:wheat_seeds":20,"minecraft:iron_ingot":5,"minecraft:flowering_azalea":1,"minecraft:oak_planks":1,"minecraft:pumpkin":1,"minecraft:sweet_berries":8,"minecraft:stone_brick_slab":1,"minecraft:gravel":2,"minecraft:sand":19,"minecraft:white_bed":7,"minecraft:red_terracotta":2,"minecraft:dark_oak_log":9,"minecraft:diamond":11,"minecraft:granite":1,"minecraft:cherry_sapling":1,"minecraft:emerald":1,"minecraft:bread":142,"minecraft:oak_sapling":1,"minecraft:melon_seeds":3,"minecraft:dark_oak_fence":8,"minecraft:coal":27}},"DataVersion":3465}