{"stats":{"minecraft:dropped":{"minecraft:water_bucket":1,"minecraft:iron_ingot":4,"minecraft:bread":88,"minecraft:iron_sword":2,"minecraft:moss_block":1,"minecraft:wheat_seeds":21,"minecraft:cooked_beef":29,"minecraft:tnt":1,"minecraft:diamond":1,"minecraft:dripstone_block":2,"minecraft:iron_helmet":1,"minecraft:cobblestone":41,"minecraft:leather":7,"minecraft:chest_minecart":2,"minecraft:activator_rail":3,"minecraft:rail":14,"minecraft:coal":19,"minecraft:leather_helmet":1,"minecraft:emerald":1,"minecraft:flint":2,"minecraft:stick":13,"minecraft:dirt":2,"minecraft:diorite":1,"minecraft:dark_oak_fence":8,"minecraft:mutton":6,"minecraft:wooden_axe":3,"minecraft:crimson_roots":7,"minecraft:stonecutter":2,"minecraft:sand":19,"minecraft:iron_pickaxe":1,"minecraft:dark_oak_planks":38,"minecraft:white_wool":1,"minecraft:gold_ingot":1,"minecraft:gravel":4,"minecraft:stone_axe":2,"minecraft:kelp":4,"minecraft:sweet_berries":16,"minecraft:golden_chestplate":1,"minecraft:detector_rail":2,"minecraft:stone_sword":3,"minecraft:cobbled_deepslate":53,"minecraft:raw_copper":5,"minecraft:tuff":14,"minecraft:chicken":1,"minecraft:rotten_flesh":6,"minecraft:light_gray_wool":1,"minecraft:iron_boots":1,"minecraft:oak_planks":4,"minecraft:iron_hoe":1,"minecraft:cooked_mutton":6,"minecraft:white_bed":1,"minecraft:red_terracotta":2,"minecraft:carrot":1,"minecraft:filled_map":2,"minecraft:poppy":1,"minecraft:leather_chestplate":1,"minecraft:hay_block":2,"minecraft:gunpowder":1,"minecraft:diamond_pickaxe":1,"minecraft:iron_chestplate":1,"minecraft:andesite":1,"minecraft:beetroot_seeds":6,"minecraft:oak_sapling":1,"minecraft:leather_boots":1,"minecraft:oak_boat":1,"minecraft:chest":1,"minecraft:leather_leggings":1,"minecraft:arrow":4,"minecraft:bow":2,"minecraft:stone_pickaxe":4,"minecraft:beef":9,"minecraft:wooden_pickaxe":1,"minecraft:raw_gold":6},"minecraft:killed":{"minecraft:spider":2,"minecraft:horse":6,"minecraft:skeleton":2,"minecraft:chicken":1,"minecraft:drowned":1,"minecraft:zombie_villager":1,"minecraft:iron_golem":2,"minecraft:creeper":3,"minecraft:sheep":14,"minecraft:pillager":13,"minecraft:donkey":3,"minecraft:zombie":6,"minecraft:cow":14},"minecraft:picked_up":{"minecraft:wooden_axe":3,"minecraft:iron_chestplate":2,"minecraft:crafting_table":9,"minecraft:chicken":1,"minecraft:chest_minecart":2,"minecraft:gold_block":5,"minecraft:brewing_stand":2,"minecraft:shield":1,"minecraft:string":1,"minecraft:raw_copper":5,"minecraft:iron_leggings":1,"minecraft:iron_shovel":1,"minecraft:activator_rail":3,"minecraft:detector_rail":2,"minecraft:cobbled_deepslate":322,"minecraft:bucket":1,"minecraft:beef":30,"minecraft:light_gray_wool":1,"minecraft:egg":2,"minecraft:oak_boat":10,"minecraft:iron_pickaxe":3,"minecraft:poppy":1,"minecraft:lectern":1,"minecraft:chest":2,"minecraft:iron_boots":1,"minecraft:furnace":4,"minecraft:dark_oak_door":3,"minecraft:raw_iron":43,"minecraft:dark_oak_sapling":2,"minecraft:stick":7,"minecraft:composter":1,"minecraft:big_dripleaf":1,"minecraft:torch":11,"minecraft:diorite":2,"minecraft:carrot":10,"minecraft:redstone":264,"minecraft:cauldron":4,"minecraft:dark_oak_planks":17,"minecraft:stone_sword":1,"minecraft:arrow":6,"minecraft:rotten_flesh":8,"minecraft:beetroot_seeds":6,"minecraft:hay_block":29,"minecraft:gold_ingot":1,"minecraft:mutton":18,"minecraft:obsidian":14,"minecraft:cobblestone":154,"minecraft:rail":14,"minecraft:white_wool":13,"minecraft:birch_log":6,"minecraft:water_bucket":1,"minecraft:andesite":3,"minecraft:leather":29,"minecraft:potato":3,"minecraft:filled_map":1,"minecraft:flint":2,"minecraft:tuff":22,"minecraft:oak_log":97,"minecraft:lily_pad":1,"minecraft:yellow_bed":5,"minecraft:nether_wart_block":3,"minecraft:gunpowder":1,"minecraft:cobblestone_stairs":5,"minecraft:lapis_lazuli":52,"minecraft:dirt":15,"minecraft:white_banner":1,"minecraft:leather_boots":1,"minecraft:bone":11,"minecraft:apple":3,"minecraft:kelp":4,"minecraft:bow":2,"minecraft:stonecutter":2,"minecraft:wheat_seeds":22,"minecraft:raw_gold":6,"minecraft:iron_ingot":9,"minecraft:stone_pickaxe":2,"minecraft:oak_planks":33,"minecraft:iron_sword":2,"minecraft:flowering_azalea":1,"minecraft:book":12,"minecraft:warped_fungus":1,"minecraft:pumpkin":1,"minecraft:sweet_berries":8,"minecraft:stone_brick_slab":1,"minecraft:dripstone_block":2,"minecraft:gravel":6,"minecraft:sand":19,"minecraft:white_bed":12,"minecraft:red_terracotta":2,"minecraft:dark_oak_log":9,"minecraft:iron_hoe":1,"minecraft:diamond":18,"minecraft:iron_helmet":1,"minecraft:granite":1,"minecraft:cherry_sapling":1,"minecraft:emerald":1,"minecraft:bread":157,"minecraft:oak_sapling":2,"minecraft:netherrack":17,"minecraft:melon_seeds":3,"minecraft:dark_oak_fence":8,"minecraft:coal":28,"minecraft:crimson_roots":7,"minecraft:diamond_pickaxe":1},"minecraft:used":{"minecraft:stone_sword":29,"minecraft:iron_shovel":47,"minecraft:flint_and_steel":2,"minecraft:chest":6,"minecraft:shield":3,"minecraft:iron_sword":41,"minecraft:stone_hoe":213,"minecraft:netherrack":17,"minecraft:iron_chestplate":1,"minecraft:torch":17,"minecraft:dirt":2,"minecraft:golden_chestplate":1,"minecraft:tuff":8,"minecraft:granite":1,"minecraft:obsidian":10,"minecraft:wooden_axe":11,"minecraft:iron_hoe":86,"minecraft:stone_brick_slab":1,"minecraft:lava_bucket":2,"minecraft:iron_axe":170,"minecraft:iron_helmet":2,"minecraft:iron_boots":1,"minecraft:bow":2,"minecraft:warped_fungus":1,"minecraft:furnace":6,"minecraft:egg":2,"minecraft:cooked_beef":7,"minecraft:cobbled_deepslate":33,"minecraft:iron_leggings":1,"minecraft:cooked_mutton":6,"minecraft:water_bucket":34,"minecraft:diorite":1,"minecraft:oak_planks":14,"minecraft:stone_pickaxe":87,"minecraft:wooden_pickaxe":17,"minecraft:cauldron":4,"minecraft:leather_boots":1,"minecraft:crafting_table":11,"minecraft:white_bed":10,"minecraft:dark_oak_door":3,"minecraft:diamond_pickaxe":14,"minecraft:apple":3,"minecraft:iron_pickaxe":475,"minecraft:bread":17,"minecraft:stone_axe":65,"minecraft:nether_wart_block":3,"minecraft:cobblestone":29,"minecraft:cooked_porkchop":16,"minecraft:andesite":2,"minecraft:bucket":39,"minecraft:oak_boat":9},"minecraft:custom":{"minecraft:mob_kills":68,"minecraft:interact_with_crafting_table":62,"minecraft:leave_game":3,"minecraft:time_since_death":75660,"minecraft:climb_one_cm":21956,"minecraft:sprint_one_cm":751104,"minecraft:walk_one_cm":402163,"minecraft:damage_blocked_by_shield":90,"minecraft:drop":130,"minecraft:talked_to_villager":2,"minecraft:play_time":233019,"minecraft:sneak_time":20224,"minecraft:deaths":5,"minecraft:walk_under_water_one_cm":45664,"minecraft:boat_one_cm":642064,"minecraft:jump":4696,"minecraft:walk_on_water_one_cm":61234,"minecraft:total_world_time":233019,"minecraft:interact_with_furnace":82,"minecraft:sleep_in_bed":14,"minecraft:time_since_rest":8157,"minecraft:damage_taken":3737,"minecraft:damage_dealt":12990,"minecraft:swim_one_cm":144015,"minecraft:fly_one_cm":863323,"minecraft:open_chest":77,"minecraft:crouch_one_cm":57887,"minecraft:fall_one_cm":150105},"minecraft:mined":{"minecraft:tuff":14,"minecraft:white_bed":13,"minecraft:dark_oak_leaves":32,"minecraft:deepslate_diamond_ore":14,"minecraft:sculk_vein":13,"minecraft:cobblestone_stairs":5,"minecraft:dark_oak_log":9,"minecraft:brewing_stand":2,"minecraft:obsidian":14,"minecraft:dark_oak_fence":6,"minecraft:granite":1,"minecraft:grass_block":3,"minecraft:composter":1,"minecraft:moss_block":1,"minecraft:spawner":1,"minecraft:hay_block":29,"minecraft:sculk_catalyst":2,"minecraft:furnace":5,"minecraft:carrots":9,"minecraft:iron_ore":26,"minecraft:fire":2,"minecraft:cobbled_deepslate":10,"minecraft:andesite":5,"minecraft:pumpkin":1,"minecraft:deepslate_lapis_ore":8,"minecraft:gold_block":5,"minecraft:sculk_shrieker":10,"minecraft:bookshelf":4,"minecraft:potatoes":3,"minecraft:deepslate_iron_ore":19,"minecraft:oak_stairs":1,"minecraft:stone":99,"minecraft:deepslate_redstone_ore":57,"minecraft:crimson_nylium":16,"minecraft:stone_brick_slab":1,"minecraft:oak_fence":1,"minecraft:crafting_table":8,"minecraft:torch":6,"minecraft:emerald_ore":1,"minecraft:chest":2,"minecraft:white_stained_glass_pane":1,"minecraft:sculk_sensor":17,"minecraft:lectern":1,"minecraft:copper_ore":1,"minecraft:tall_grass":34,"minecraft:cobblestone":14,"minecraft:oak_planks":2,"minecraft:sculk":290,"minecraft:wall_torch":3,"minecraft:diorite":1,"minecraft:cauldron":1,"minecraft:red_terracotta":2,"minecraft:nether_wart_block":4,"minecraft:birch_log":6,"minecraft:wheat":12,"minecraft:sweet_berry_bush":1,"minecraft:birch_leaves":2,"minecraft:warped_fungus":1,"minecraft:yellow_bed":5,"minecraft:yellow_stained_glass_pane":1,"minecraft:grass":21,"minecraft:coal_ore":16,"minecraft:oak_log":97,"minecraft:beetroots":4,"minecraft:gravel":6,"minecraft:dirt":4,"minecraft:cherry_leaves":13,"minecraft:sand":47,"minecraft:stonecutter":1,"minecraft:netherrack":1,"minecraft:oak_leaves":21,"minecraft:deepslate":245},"minecraft:killed_by":{"minecraft:warden":1,"minecraft:skeleton":1,"minecraft:zombie":1},"minecraft:crafted":{"minecraft:oak_planks":104,"minecraft:leather_leggings":1,"minecraft:furnace":2,"minecraft:cooked_mutton":12,"minecraft:iron_boots":1,"minecraft:iron_axe":2,"minecraft:stone_pickaxe":7,"minecraft:chest":5,"minecraft:dark_oak_planks":36,"minecraft:stone_hoe":3,"minecraft:wheat":261,"minecraft:cooked_beef":44,"minecraft:cooked_porkchop":16,"minecraft:crafting_table":4,"minecraft:enchanting_table":1,"minecraft:wooden_pickaxe":1,"minecraft:iron_helmet":2,"minecraft:iron_sword":2,"minecraft:leather_helmet":1,"minecraft:bucket":2,"minecraft:hay_block":2,"minecraft:birch_planks":24,"minecraft:stone_axe":3,"minecraft:bread":82,"minecraft:air":0,"minecraft:oak_boat":1,"minecraft:iron_chestplate":1,"minecraft:book":1,"minecraft:paper":3,"minecraft:diamond_pickaxe":1,"minecraft:stick":60,"minecraft:iron_ingot":27,"minecraft:leather_chestplate":1,"minecraft:iron_pickaxe":2,"minecraft:iron_shovel":1,"minecraft:stone_sword":3,"minecraft:iron_leggings":2,"minecraft:white_bed":4,"minecraft:torch":8},"minecraft:broken":{"minecraft:stone_hoe":1}},"DataVersion":3465}