{"stats":{"minecraft:killed_by":{"minecraft:player":1,"minecraft:skeleton":3},"minecraft:mined":{"minecraft:iron_ore":38,"minecraft:crafting_table":1,"minecraft:granite":1,"minecraft:grass":18,"minecraft:acacia_log":10,"minecraft:pointed_dripstone":1,"minecraft:grass_block":2,"minecraft:oak_log":1,"minecraft:coal_ore":59,"minecraft:gravel":8,"minecraft:dripstone_block":9,"minecraft:tall_grass":4,"minecraft:lapis_ore":5,"minecraft:stone":92,"minecraft:diorite":21},"minecraft:custom":{"minecraft:time_since_rest":1446,"minecraft:interact_with_furnace":21,"minecraft:sprint_one_cm":187532,"minecraft:damage_taken":1880,"minecraft:walk_one_cm":122402,"minecraft:damage_blocked_by_shield":225,"minecraft:mob_kills":2,"minecraft:drop":3,"minecraft:damage_dealt":568,"minecraft:interact_with_crafting_table":8,"minecraft:fly_one_cm":124100,"minecraft:open_chest":43,"minecraft:crouch_one_cm":37,"minecraft:play_time":46375,"minecraft:deaths":6,"minecraft:sneak_time":41,"minecraft:jump":764,"minecraft:interact_with_blast_furnace":2,"minecraft:leave_game":2,"minecraft:walk_on_water_one_cm":3597,"minecraft:time_since_death":1397,"minecraft:sleep_in_bed":2,"minecraft:total_world_time":46375,"minecraft:fall_one_cm":32760},"minecraft:killed":{"minecraft:zombie":2},"minecraft:picked_up":{"minecraft:crafting_table":1,"minecraft:raw_iron":38,"minecraft:acacia_log":10,"minecraft:dripstone_block":8,"minecraft:gravel":7,"minecraft:porkchop":3,"minecraft:oak_log":1,"minecraft:pointed_dripstone":1,"minecraft:diorite":21,"minecraft:lapis_lazuli":29,"minecraft:rotten_flesh":2,"minecraft:diamond":1,"minecraft:wheat_seeds":2,"minecraft:granite":1,"minecraft:coal":59,"minecraft:cobblestone":92},"minecraft:crafted":{"minecraft:oak_planks":4,"minecraft:shield":1,"minecraft:crafting_table":1,"minecraft:stick":24,"minecraft:wooden_pickaxe":6,"minecraft:iron_ingot":1,"minecraft:baked_potato":11,"minecraft:iron_pickaxe":1,"minecraft:stone_pickaxe":3,"minecraft:stone_sword":1,"minecraft:acacia_planks":36,"minecraft:birch_planks":8,"minecraft:air":0},"minecraft:used":{"minecraft:water_bucket":1,"minecraft:diamond_pickaxe":9,"minecraft:stone_sword":9,"minecraft:acacia_log":1,"minecraft:stone_pickaxe":101,"minecraft:baked_potato":6,"minecraft:wooden_pickaxe":121,"minecraft:shield":6,"minecraft:gravel":1,"minecraft:dirt":5,"minecraft:crafting_table":1,"minecraft:bucket":1,"minecraft:potato":1,"minecraft:golden_chestplate":1},"minecraft:broken":{"minecraft:wooden_pickaxe":2},"minecraft:dropped":{"minecraft:bread":40,"minecraft:wheat_seeds":2,"minecraft:diamond":1}},"DataVersion":3465}