{"stats":{"minecraft:picked_up":{"minecraft:iron_chestplate":1,"minecraft:water_bucket":1,"minecraft:yellow_wool":2,"minecraft:oak_log":1,"minecraft:golden_boots":1,"minecraft:dirt":15,"minecraft:iron_axe":1,"minecraft:wheat_seeds":7,"minecraft:iron_ingot":32,"minecraft:poppy":8,"minecraft:iron_pickaxe":1,"minecraft:iron_sword":1,"minecraft:raw_iron":7,"minecraft:acacia_log":11,"minecraft:dandelion":3,"minecraft:porkchop":3,"minecraft:carrot":68,"minecraft:rotten_flesh":6,"minecraft:bread":96,"minecraft:netherrack":6,"minecraft:cobblestone":9},"minecraft:killed":{"minecraft:zombie_villager":1,"minecraft:iron_golem":8,"minecraft:zombie":4},"minecraft:mined":{"minecraft:dandelion":3,"minecraft:acacia_log":11,"minecraft:grass_block":5,"minecraft:glass":10,"minecraft:tall_grass":1,"minecraft:carrots":22,"minecraft:iron_ore":8,"minecraft:yellow_wool":2,"minecraft:wheat":3,"minecraft:grass":6,"minecraft:oak_log":1,"minecraft:dirt":9,"minecraft:stone":7,"minecraft:netherrack":3,"minecraft:oak_leaves":1},"minecraft:custom":{"minecraft:interact_with_furnace":7,"minecraft:mob_kills":14,"minecraft:interact_with_crafting_table":10,"minecraft:leave_game":2,"minecraft:time_since_death":40112,"minecraft:sleep_in_bed":7,"minecraft:climb_one_cm":13825,"minecraft:time_since_rest":6024,"minecraft:sprint_one_cm":158471,"minecraft:damage_taken":936,"minecraft:walk_one_cm":115531,"minecraft:drop":24,"minecraft:damage_dealt":9588,"minecraft:swim_one_cm":1330,"minecraft:talked_to_villager":2,"minecraft:fly_one_cm":208798,"minecraft:player_kills":3,"minecraft:open_chest":58,"minecraft:crouch_one_cm":9429,"minecraft:play_time":70538,"minecraft:deaths":2,"minecraft:sneak_time":3611,"minecraft:walk_under_water_one_cm":1016,"minecraft:jump":971,"minecraft:interact_with_blast_furnace":1,"minecraft:walk_on_water_one_cm":1057,"minecraft:total_world_time":70538,"minecraft:fall_one_cm":33273},"minecraft:used":{"minecraft:wheat_seeds":1,"minecraft:water_bucket":7,"minecraft:iron_sword":18,"minecraft:iron_chestplate":2,"minecraft:dirt":11,"minecraft:carrot":23,"minecraft:white_bed":2,"minecraft:glass":10,"minecraft:iron_axe":90,"minecraft:bread":15,"minecraft:iron_pickaxe":19,"minecraft:yellow_wool":2,"minecraft:bucket":8,"minecraft:yellow_bed":2,"minecraft:iron_leggings":1},"minecraft:dropped":{"minecraft:golden_boots":1,"minecraft:porkchop":3,"minecraft:wheat_seeds":6,"minecraft:wheat":2,"minecraft:rotten_flesh":6,"minecraft:carrot":45,"minecraft:poppy":8,"minecraft:dirt":4,"minecraft:netherrack":6},"minecraft:crafted":{"minecraft:yellow_wool":3,"minecraft:oak_planks":4,"minecraft:iron_helmet":1,"minecraft:iron_sword":1,"minecraft:yellow_bed":1,"minecraft:bucket":1,"minecraft:bread":23,"minecraft:air":0,"minecraft:iron_boots":1,"minecraft:iron_chestplate":1,"minecraft:yellow_dye":3,"minecraft:iron_axe":1,"minecraft:stick":9,"minecraft:iron_ingot":1,"minecraft:iron_pickaxe":2,"minecraft:stone_pickaxe":1,"minecraft:iron_shovel":1,"minecraft:iron_leggings":1}},"DataVersion":3465}