{"stats":{"minecraft:mined":{"minecraft:dandelion":3,"minecraft:grass_block":5,"minecraft:glass":10,"minecraft:tall_grass":1,"minecraft:carrots":22,"minecraft:yellow_wool":2,"minecraft:wheat":3,"minecraft:grass":4,"minecraft:oak_log":1,"minecraft:dirt":9,"minecraft:stone":5,"minecraft:netherrack":3,"minecraft:oak_leaves":1},"minecraft:custom":{"minecraft:interact_with_furnace":1,"minecraft:mob_kills":13,"minecraft:interact_with_crafting_table":9,"minecraft:leave_game":1,"minecraft:time_since_death":33897,"minecraft:sleep_in_bed":6,"minecraft:climb_one_cm":13159,"minecraft:time_since_rest":15291,"minecraft:sprint_one_cm":130365,"minecraft:damage_taken":880,"minecraft:walk_one_cm":105559,"minecraft:drop":24,"minecraft:damage_dealt":8503,"minecraft:talked_to_villager":2,"minecraft:fly_one_cm":165407,"minecraft:player_kills":3,"minecraft:open_chest":50,"minecraft:crouch_one_cm":8643,"minecraft:play_time":64323,"minecraft:deaths":2,"minecraft:sneak_time":3054,"minecraft:walk_under_water_one_cm":651,"minecraft:jump":789,"minecraft:walk_on_water_one_cm":858,"minecraft:total_world_time":64323,"minecraft:fall_one_cm":25108},"minecraft:killed":{"minecraft:zombie_villager":1,"minecraft:iron_golem":7,"minecraft:zombie":4},"minecraft:picked_up":{"minecraft:iron_chestplate":1,"minecraft:water_bucket":1,"minecraft:yellow_wool":2,"minecraft:oak_log":1,"minecraft:golden_boots":1,"minecraft:dirt":15,"minecraft:iron_axe":1,"minecraft:wheat_seeds":7,"minecraft:iron_ingot":28,"minecraft:poppy":8,"minecraft:iron_pickaxe":1,"minecraft:iron_sword":1,"minecraft:dandelion":3,"minecraft:porkchop":3,"minecraft:carrot":68,"minecraft:rotten_flesh":6,"minecraft:bread":96,"minecraft:netherrack":6,"minecraft:cobblestone":5},"minecraft:crafted":{"minecraft:yellow_wool":3,"minecraft:oak_planks":4,"minecraft:iron_helmet":1,"minecraft:iron_sword":1,"minecraft:yellow_bed":1,"minecraft:bucket":1,"minecraft:bread":23,"minecraft:iron_chestplate":1,"minecraft:iron_boots":1,"minecraft:yellow_dye":3,"minecraft:iron_axe":1,"minecraft:stick":8,"minecraft:iron_pickaxe":2,"minecraft:stone_pickaxe":1,"minecraft:iron_leggings":1},"minecraft:used":{"minecraft:wheat_seeds":1,"minecraft:water_bucket":6,"minecraft:iron_sword":16,"minecraft:iron_chestplate":2,"minecraft:dirt":11,"minecraft:carrot":23,"minecraft:white_bed":2,"minecraft:glass":10,"minecraft:iron_axe":68,"minecraft:bread":12,"minecraft:iron_pickaxe":9,"minecraft:yellow_wool":2,"minecraft:bucket":7,"minecraft:yellow_bed":2,"minecraft:iron_leggings":1},"minecraft:dropped":{"minecraft:golden_boots":1,"minecraft:porkchop":3,"minecraft:wheat_seeds":6,"minecraft:wheat":2,"minecraft:rotten_flesh":6,"minecraft:carrot":45,"minecraft:poppy":8,"minecraft:dirt":4,"minecraft:netherrack":6}},"DataVersion":3465}