{"stats":{"minecraft:picked_up":{"minecraft:crafting_table":7,"minecraft:glow_ink_sac":2,"minecraft:flower_pot":4,"minecraft:leather":2,"minecraft:fern":1,"minecraft:wooden_pickaxe":1,"minecraft:potato":36,"minecraft:oak_log":6,"minecraft:chain":1,"minecraft:string":1,"minecraft:dirt":5,"minecraft:wooden_sword":1,"minecraft:stonecutter":4,"minecraft:wheat_seeds":4,"minecraft:cobbled_deepslate":8,"minecraft:beef":1,"minecraft:oak_boat":6,"minecraft:lectern":2,"minecraft:oak_planks":8,"minecraft:furnace":1,"minecraft:book":36,"minecraft:stick":1,"minecraft:raw_iron":7,"minecraft:sweet_berries":22,"minecraft:torch":1,"minecraft:dandelion":2,"minecraft:gravel":1,"minecraft:porkchop":15,"minecraft:spruce_sapling":16,"minecraft:pointed_dripstone":5,"minecraft:white_bed":2,"minecraft:spruce_log":36,"minecraft:redstone":24,"minecraft:pumpkin_seeds":10,"minecraft:purple_bed":5,"minecraft:diamond":4,"minecraft:hay_block":26,"minecraft:bread":108,"minecraft:rail":64,"minecraft:mutton":10,"minecraft:coal":12,"minecraft:white_wool":14,"minecraft:cobblestone":62},"minecraft:killed":{"minecraft:cave_spider":1,"minecraft:pig":3,"minecraft:sheep":7,"minecraft:cow":1},"minecraft:broken":{"minecraft:wooden_pickaxe":1},"minecraft:mined":{"minecraft:deepslate_redstone_ore":5,"minecraft:tuff":1,"minecraft:white_bed":1,"minecraft:deepslate_diamond_ore":4,"minecraft:crafting_table":6,"minecraft:torch":1,"minecraft:budding_amethyst":1,"minecraft:grass_block":1,"minecraft:lectern":1,"minecraft:tall_grass":1,"minecraft:cobblestone":7,"minecraft:spruce_leaves":23,"minecraft:amethyst_block":3,"minecraft:hay_block":25,"minecraft:chain":1,"minecraft:purple_bed":3,"minecraft:spruce_sapling":1,"minecraft:furnace":1,"minecraft:iron_ore":7,"minecraft:sweet_berry_bush":3,"minecraft:spruce_log":13,"minecraft:grass":4,"minecraft:pointed_dripstone":4,"minecraft:bookshelf":6,"minecraft:coal_ore":13,"minecraft:oak_log":6,"minecraft:rail":65,"minecraft:gravel":1,"minecraft:potted_spruce_sapling":2,"minecraft:dirt":4,"minecraft:cobweb":1,"minecraft:stonecutter":2,"minecraft:stone":56,"minecraft:deepslate":8,"minecraft:oak_leaves":1},"minecraft:killed_by":{"minecraft:skeleton":1,"minecraft:creeper":1},"minecraft:custom":{"minecraft:interact_with_furnace":4,"minecraft:mob_kills":12,"minecraft:interact_with_crafting_table":9,"minecraft:leave_game":1,"minecraft:time_since_death":956,"minecraft:sleep_in_bed":2,"minecraft:climb_one_cm":640,"minecraft:time_since_rest":1133,"minecraft:sprint_one_cm":302255,"minecraft:damage_taken":1730,"minecraft:walk_one_cm":166848,"minecraft:drop":1,"minecraft:damage_dealt":1097,"minecraft:swim_one_cm":63787,"minecraft:fly_one_cm":531127,"minecraft:open_chest":13,"minecraft:crouch_one_cm":3008,"minecraft:play_time":73790,"minecraft:deaths":2,"minecraft:sneak_time":731,"minecraft:walk_under_water_one_cm":2776,"minecraft:boat_one_cm":127711,"minecraft:jump":2079,"minecraft:walk_on_water_one_cm":15356,"minecraft:total_world_time":73790,"minecraft:fall_one_cm":71119},"minecraft:used":{"minecraft:stone_pickaxe":31,"minecraft:chest":1,"minecraft:wooden_pickaxe":60,"minecraft:stonecutter":1,"minecraft:torch":11,"minecraft:mutton":10,"minecraft:crafting_table":8,"minecraft:spruce_log":4,"minecraft:pumpkin_seeds":10,"minecraft:apple":2,"minecraft:bread":33,"minecraft:iron_pickaxe":90,"minecraft:spruce_sapling":10,"minecraft:wooden_sword":37,"minecraft:cobblestone":33,"minecraft:beef":1,"minecraft:purple_bed":2,"minecraft:furnace":1,"minecraft:porkchop":2,"minecraft:oak_boat":5},"minecraft:dropped":{"minecraft:bread":1},"minecraft:crafted":{"minecraft:wooden_sword":1,"minecraft:oak_planks":24,"minecraft:crafting_table":2,"minecraft:spruce_planks":12,"minecraft:wooden_pickaxe":1,"minecraft:furnace":1,"minecraft:bread":72,"minecraft:air":0,"minecraft:oak_boat":1,"minecraft:stick":12,"minecraft:iron_ingot":4,"minecraft:iron_pickaxe":1,"minecraft:stone_pickaxe":1,"minecraft:chest":1,"minecraft:torch":16,"minecraft:wheat":216}},"DataVersion":3465}