{"stats":{"minecraft:killed_by":{"minecraft:player":2,"minecraft:zombie":1},"minecraft:mined":{"minecraft:sculk_vein":1,"minecraft:crafting_table":6,"minecraft:clay":4,"minecraft:granite":3,"minecraft:grass_block":5,"minecraft:tall_grass":1,"minecraft:sugar_cane":5,"minecraft:furnace":2,"minecraft:carrots":9,"minecraft:iron_ore":17,"minecraft:wheat":15,"minecraft:andesite":1,"minecraft:grass":14,"minecraft:oak_log":19,"minecraft:coal_ore":6,"minecraft:dirt":3,"minecraft:stone":20,"minecraft:oak_leaves":6},"minecraft:custom":{"minecraft:interact_with_furnace":13,"minecraft:mob_kills":5,"minecraft:interact_with_crafting_table":12,"minecraft:leave_game":1,"minecraft:time_since_death":4451,"minecraft:sleep_in_bed":6,"minecraft:climb_one_cm":0,"minecraft:time_since_rest":781,"minecraft:sprint_one_cm":148948,"minecraft:damage_taken":1452,"minecraft:walk_one_cm":107162,"minecraft:drop":6,"minecraft:damage_dealt":676,"minecraft:swim_one_cm":14242,"minecraft:fly_one_cm":265285,"minecraft:open_chest":6,"minecraft:crouch_one_cm":105,"minecraft:play_time":48224,"minecraft:deaths":4,"minecraft:sneak_time":52,"minecraft:walk_under_water_one_cm":1954,"minecraft:jump":1267,"minecraft:walk_on_water_one_cm":15397,"minecraft:total_world_time":48224,"minecraft:fall_one_cm":39528},"minecraft:killed":{"minecraft:pig":3,"minecraft:sheep":1,"minecraft:zombie":1},"minecraft:picked_up":{"minecraft:crafting_table":6,"minecraft:wheat":15,"minecraft:clay_ball":16,"minecraft:andesite":1,"minecraft:oak_log":19,"minecraft:dirt":10,"minecraft:wheat_seeds":37,"minecraft:poppy":1,"minecraft:sugar_cane":12,"minecraft:egg":1,"minecraft:furnace":2,"minecraft:stick":2,"minecraft:raw_iron":17,"minecraft:porkchop":9,"minecraft:carrot":38,"minecraft:diamond":1,"minecraft:diamond_axe":1,"minecraft:granite":3,"minecraft:oak_sapling":2,"minecraft:mutton":2,"minecraft:coal":6,"minecraft:white_wool":1,"minecraft:cobblestone":18},"minecraft:crafted":{"minecraft:oak_planks":36,"minecraft:cooked_porkchop":6,"minecraft:crafting_table":2,"minecraft:wooden_pickaxe":3,"minecraft:furnace":1,"minecraft:bucket":2,"minecraft:bread":5,"minecraft:air":0,"minecraft:stick":12,"minecraft:iron_ingot":17,"minecraft:iron_pickaxe":1,"minecraft:stone_pickaxe":1},"minecraft:used":{"minecraft:wheat_seeds":16,"minecraft:stone_pickaxe":30,"minecraft:wooden_pickaxe":21,"minecraft:diamond_axe":28,"minecraft:dirt":7,"minecraft:crafting_table":6,"minecraft:carrot":14,"minecraft:bread":2,"minecraft:golden_sword":8,"minecraft:porkchop":4,"minecraft:furnace":2,"minecraft:cooked_porkchop":5,"minecraft:bucket":2,"minecraft:egg":1},"minecraft:dropped":{"minecraft:porkchop":3,"minecraft:diamond_axe":1,"minecraft:diamond":1,"minecraft:oak_sapling":1}},"DataVersion":3465}