{"stats":{"minecraft:killed":{"minecraft:skeleton":1,"minecraft:pig":7,"minecraft:zombie_villager":1,"minecraft:iron_golem":1,"minecraft:pillager":3,"minecraft:zombie":4,"minecraft:cow":17},"minecraft:killed_by":{"minecraft:warden":1,"minecraft:skeleton":1},"minecraft:dropped":{"minecraft:bread":142,"minecraft:oak_slab":1,"minecraft:birch_planks":2,"minecraft:wheat_seeds":7,"minecraft:oak_pressure_plate":1,"minecraft:crafting_table":1,"minecraft:dripstone_block":1,"minecraft:oak_fence":3,"minecraft:book":9,"minecraft:granite":1,"minecraft:leather_helmet":1,"minecraft:dirt":1,"minecraft:wooden_axe":3,"minecraft:oak_stairs":1,"minecraft:sand":31,"minecraft:iron_pickaxe":4,"minecraft:iron_shovel":1,"minecraft:dark_oak_planks":16,"minecraft:bucket":2,"minecraft:cauldron":4,"minecraft:dark_oak_door":6,"minecraft:stone_axe":1,"minecraft:kelp":4,"minecraft:golden_chestplate":1,"minecraft:stone_sword":2,"minecraft:wheat":3,"minecraft:pointed_dripstone":3,"minecraft:leather_chestplate":1,"minecraft:potato":12,"minecraft:shield":1,"minecraft:yellow_bed":2,"minecraft:leather_boots":3,"minecraft:oak_sapling":3,"minecraft:leather_leggings":1,"minecraft:stone_pickaxe":1,"minecraft:wooden_pickaxe":2},"minecraft:broken":{"minecraft:iron_pickaxe":1,"minecraft:wooden_axe":1},"minecraft:crafted":{"minecraft:oak_planks":16,"minecraft:leather_boots":2,"minecraft:dark_oak_door":3,"minecraft:iron_boots":2,"minecraft:iron_axe":1,"minecraft:wheat":387,"minecraft:cooked_beef":8,"minecraft:crafting_table":1,"minecraft:iron_helmet":1,"minecraft:iron_sword":1,"minecraft:leather_helmet":1,"minecraft:bucket":3,"minecraft:birch_planks":16,"minecraft:bread":128,"minecraft:air":0,"minecraft:iron_chestplate":2,"minecraft:shield":2,"minecraft:stick":24,"minecraft:iron_ingot":70,"minecraft:leather_chestplate":1,"minecraft:iron_pickaxe":4,"minecraft:wooden_axe":2,"minecraft:iron_shovel":2,"minecraft:iron_leggings":1},"minecraft:mined":{"minecraft:tuff":4,"minecraft:white_bed":5,"minecraft:mossy_cobblestone":1,"minecraft:sculk_vein":1,"minecraft:granite":11,"minecraft:acacia_log":7,"minecraft:grass_block":2,"minecraft:kelp":2,"minecraft:spawner":1,"minecraft:hay_block":41,"minecraft:redstone_ore":4,"minecraft:furnace":2,"minecraft:iron_ore":57,"minecraft:barrel":3,"minecraft:andesite":16,"minecraft:deepslate_lapis_ore":1,"minecraft:bookshelf":3,"minecraft:pointed_dripstone":2,"minecraft:water_cauldron":3,"minecraft:oak_stairs":1,"minecraft:stone":154,"minecraft:oak_slab":1,"minecraft:glass_pane":1,"minecraft:kelp_plant":2,"minecraft:oak_fence":2,"minecraft:crafting_table":6,"minecraft:sculk_sensor":5,"minecraft:cobblestone":7,"minecraft:tall_grass":5,"minecraft:sugar_cane":6,"minecraft:sculk":28,"minecraft:diorite":1,"minecraft:birch_log":5,"minecraft:yellow_bed":2,"minecraft:grass":26,"minecraft:coal_ore":21,"minecraft:oak_log":4,"minecraft:gravel":1,"minecraft:cherry_leaves":12,"minecraft:dripstone_block":1,"minecraft:sand":12,"minecraft:gold_ore":8,"minecraft:oak_leaves":6,"minecraft:deepslate":84},"minecraft:custom":{"minecraft:mob_kills":34,"minecraft:interact_with_crafting_table":35,"minecraft:open_barrel":3,"minecraft:bell_ring":4,"minecraft:leave_game":2,"minecraft:time_since_death":3299,"minecraft:climb_one_cm":331,"minecraft:sprint_one_cm":569912,"minecraft:walk_one_cm":390998,"minecraft:damage_blocked_by_shield":60,"minecraft:drop":58,"minecraft:talked_to_villager":2,"minecraft:play_time":153145,"minecraft:deaths":3,"minecraft:sneak_time":3002,"minecraft:walk_under_water_one_cm":25046,"minecraft:boat_one_cm":625926,"minecraft:jump":2864,"minecraft:walk_on_water_one_cm":34655,"minecraft:total_world_time":153145,"minecraft:interact_with_furnace":76,"minecraft:sleep_in_bed":12,"minecraft:time_since_rest":3051,"minecraft:damage_taken":2539,"minecraft:damage_dealt":5144,"minecraft:swim_one_cm":102221,"minecraft:fly_one_cm":552076,"minecraft:open_chest":43,"minecraft:crouch_one_cm":6092,"minecraft:fall_one_cm":72660,"minecraft:horse_one_cm":29631},"minecraft:used":{"minecraft:iron_shovel":12,"minecraft:shield":1,"minecraft:iron_sword":43,"minecraft:torch":2,"minecraft:dirt":1,"minecraft:wooden_axe":39,"minecraft:iron_axe":57,"minecraft:oak_sapling":1,"minecraft:furnace":4,"minecraft:goat_horn":1,"minecraft:potato":2,"minecraft:cooked_beef":20,"minecraft:cobbled_deepslate":6,"minecraft:cooked_mutton":6,"minecraft:water_bucket":12,"minecraft:diorite":1,"minecraft:stone_pickaxe":46,"minecraft:leather_chestplate":1,"minecraft:mossy_cobblestone":1,"minecraft:crafting_table":7,"minecraft:white_bed":7,"minecraft:bread":2,"minecraft:iron_pickaxe":357,"minecraft:stone_axe":82,"minecraft:cobblestone":63,"minecraft:andesite":1,"minecraft:bucket":14,"minecraft:oak_boat":1,"minecraft:experience_bottle":1},"minecraft:picked_up":{"minecraft:wooden_axe":2,"minecraft:crafting_table":7,"minecraft:wooden_pickaxe":2,"minecraft:oak_stairs":1,"minecraft:shield":2,"minecraft:music_disc_cat":1,"minecraft:cobbled_deepslate":83,"minecraft:bucket":1,"minecraft:beef":37,"minecraft:oak_boat":1,"minecraft:iron_pickaxe":4,"minecraft:sugar_cane":9,"minecraft:furnace":4,"minecraft:dark_oak_door":3,"minecraft:raw_iron":57,"minecraft:oak_fence":3,"minecraft:acacia_log":6,"minecraft:porkchop":16,"minecraft:pointed_dripstone":3,"minecraft:diorite":1,"minecraft:redstone":19,"minecraft:golden_chestplate":1,"minecraft:cauldron":4,"minecraft:dark_oak_planks":36,"minecraft:stone_sword":2,"minecraft:arrow":2,"minecraft:rotten_flesh":3,"minecraft:hay_block":43,"minecraft:cobblestone":169,"minecraft:birch_log":4,"minecraft:cooked_beef":35,"minecraft:water_bucket":1,"minecraft:andesite":16,"minecraft:leather":23,"minecraft:tuff":4,"minecraft:oak_log":4,"minecraft:lily_pad":5,"minecraft:yellow_bed":2,"minecraft:lapis_lazuli":5,"minecraft:dirt":2,"minecraft:cooked_mutton":6,"minecraft:leather_boots":1,"minecraft:kelp":4,"minecraft:wheat_seeds":11,"minecraft:raw_gold":8,"minecraft:iron_ingot":11,"minecraft:stone_pickaxe":1,"minecraft:book":18,"minecraft:oak_slab":1,"minecraft:music_disc_13":1,"minecraft:oak_pressure_plate":1,"minecraft:gravel":4,"minecraft:dripstone_block":1,"minecraft:sand":31,"minecraft:white_bed":7,"minecraft:barrel":6,"minecraft:mossy_cobblestone":1,"minecraft:diamond":1,"minecraft:stone_axe":1,"minecraft:granite":11,"minecraft:bread":88,"minecraft:emerald":1,"minecraft:oak_sapling":4,"minecraft:coal":102}},"DataVersion":3465}