{"stats":{"minecraft:picked_up":{"minecraft:wooden_axe":2,"minecraft:crafting_table":15,"minecraft:iron_chestplate":4,"minecraft:wheat":15,"minecraft:chicken":4,"minecraft:chainmail_boots":1,"minecraft:smithing_table":2,"minecraft:wooden_pickaxe":2,"minecraft:oak_stairs":1,"minecraft:shield":2,"minecraft:music_disc_cat":1,"minecraft:string":4,"minecraft:raw_copper":2,"minecraft:cobbled_deepslate":446,"minecraft:bucket":1,"minecraft:beef":37,"minecraft:oak_boat":2,"minecraft:poppy":2,"minecraft:iron_pickaxe":8,"minecraft:sugar_cane":25,"minecraft:chest":1,"minecraft:furnace":9,"minecraft:diamond_hoe":5,"minecraft:iron_boots":4,"minecraft:egg":3,"minecraft:dark_oak_door":3,"minecraft:golden_helmet":3,"minecraft:raw_iron":141,"minecraft:stick":16,"minecraft:composter":1,"minecraft:oak_fence":3,"minecraft:acacia_log":6,"minecraft:porkchop":65,"minecraft:cherry_log":21,"minecraft:pointed_dripstone":10,"minecraft:diorite":13,"minecraft:carrot":98,"minecraft:redstone":29,"minecraft:golden_chestplate":1,"minecraft:cauldron":4,"minecraft:dark_oak_planks":36,"minecraft:stone_sword":2,"minecraft:arrow":28,"minecraft:rotten_flesh":26,"minecraft:hay_block":94,"minecraft:gold_ingot":3,"minecraft:mutton":6,"minecraft:white_wool":2,"minecraft:cobblestone":353,"minecraft:birch_log":9,"minecraft:feather":2,"minecraft:cooked_beef":35,"minecraft:water_bucket":7,"minecraft:andesite":44,"minecraft:leather":23,"minecraft:brown_wool":2,"minecraft:potato":14,"minecraft:flint":5,"minecraft:tuff":55,"minecraft:oak_log":86,"minecraft:lily_pad":5,"minecraft:yellow_bed":2,"minecraft:nether_wart_block":1,"minecraft:lapis_lazuli":103,"minecraft:dirt":203,"minecraft:cooked_mutton":6,"minecraft:leather_boots":1,"minecraft:bone":9,"minecraft:kelp":4,"minecraft:bow":5,"minecraft:wheat_seeds":190,"minecraft:rabbit_hide":1,"minecraft:raw_gold":43,"minecraft:iron_ingot":22,"minecraft:stone_pickaxe":2,"minecraft:rabbit":1,"minecraft:iron_sword":5,"minecraft:oak_planks":5,"minecraft:book":18,"minecraft:oak_slab":1,"minecraft:music_disc_13":1,"minecraft:raw_iron_block":1,"minecraft:oak_pressure_plate":1,"minecraft:dripstone_block":5,"minecraft:gravel":13,"minecraft:sand":297,"minecraft:blast_furnace":1,"minecraft:white_bed":8,"minecraft:barrel":6,"minecraft:mossy_cobblestone":3,"minecraft:iron_hoe":4,"minecraft:diamond_shovel":1,"minecraft:diamond":35,"minecraft:stone_axe":1,"minecraft:iron_helmet":4,"minecraft:granite":52,"minecraft:diamond_axe":1,"minecraft:cherry_sapling":17,"minecraft:emerald":1,"minecraft:bread":124,"minecraft:oak_sapling":5,"minecraft:netherrack":58,"minecraft:coal":137,"minecraft:crimson_roots":1,"minecraft:diamond_pickaxe":3},"minecraft:killed":{"minecraft:spider":1,"minecraft:skeleton":9,"minecraft:chicken":3,"minecraft:pig":31,"minecraft:zombie_villager":2,"minecraft:iron_golem":1,"minecraft:sheep":2,"minecraft:pillager":3,"minecraft:zombie":21,"minecraft:blaze":1,"minecraft:cow":17},"minecraft:broken":{"minecraft:stone_pickaxe":3,"minecraft:shield":2,"minecraft:iron_pickaxe":2,"minecraft:wooden_axe":1,"minecraft:iron_hoe":6},"minecraft:mined":{"minecraft:tuff":39,"minecraft:white_bed":6,"minecraft:farmland":1,"minecraft:mossy_cobblestone":3,"minecraft:deepslate_diamond_ore":17,"minecraft:sculk_vein":328,"minecraft:cherry_log":21,"minecraft:cherry_sapling":1,"minecraft:jungle_leaves":1,"minecraft:granite":37,"minecraft:acacia_log":7,"minecraft:grass_block":50,"minecraft:kelp":2,"minecraft:spawner":3,"minecraft:hay_block":93,"minecraft:raw_iron_block":1,"minecraft:redstone_ore":4,"minecraft:carrots":37,"minecraft:sculk_catalyst":1,"minecraft:furnace":6,"minecraft:iron_ore":85,"minecraft:barrel":3,"minecraft:cobbled_deepslate":7,"minecraft:andesite":44,"minecraft:deepslate_lapis_ore":11,"minecraft:sculk_shrieker":1,"minecraft:bookshelf":3,"minecraft:potatoes":2,"minecraft:pointed_dripstone":5,"minecraft:dirt_path":11,"minecraft:deepslate_iron_ore":53,"minecraft:water_cauldron":3,"minecraft:oak_stairs":1,"minecraft:stone":300,"minecraft:smithing_table":1,"minecraft:deepslate_redstone_ore":1,"minecraft:oak_slab":1,"minecraft:glass_pane":2,"minecraft:kelp_plant":2,"minecraft:crimson_nylium":3,"minecraft:oak_fence":2,"minecraft:crafting_table":13,"minecraft:blast_furnace":1,"minecraft:chest":1,"minecraft:sculk_sensor":8,"minecraft:copper_ore":1,"minecraft:tall_grass":16,"minecraft:cobblestone":13,"minecraft:lapis_ore":1,"minecraft:deepslate_gold_ore":11,"minecraft:oak_planks":2,"minecraft:sugar_cane":9,"minecraft:sculk":2644,"minecraft:diorite":15,"minecraft:nether_wart_block":1,"minecraft:birch_log":10,"minecraft:wheat":55,"minecraft:yellow_bed":2,"minecraft:grass":85,"minecraft:coal_ore":52,"minecraft:oak_log":16,"minecraft:gravel":13,"minecraft:dirt":85,"minecraft:cherry_leaves":34,"minecraft:sand":27,"minecraft:dripstone_block":2,"minecraft:netherrack":60,"minecraft:gold_ore":8,"minecraft:oak_leaves":7,"minecraft:deepslate":300},"minecraft:killed_by":{"minecraft:creeper":2,"minecraft:warden":1,"minecraft:skeleton":4,"minecraft:zombie":1},"minecraft:custom":{"minecraft:mob_kills":92,"minecraft:interact_with_crafting_table":89,"minecraft:open_barrel":9,"minecraft:bell_ring":4,"minecraft:leave_game":9,"minecraft:time_since_death":71700,"minecraft:climb_one_cm":8285,"minecraft:sprint_one_cm":1205982,"minecraft:walk_one_cm":1325233,"minecraft:damage_blocked_by_shield":4860,"minecraft:drop":75,"minecraft:talked_to_villager":2,"minecraft:play_time":484996,"minecraft:sneak_time":21343,"minecraft:deaths":11,"minecraft:walk_under_water_one_cm":168983,"minecraft:boat_one_cm":626154,"minecraft:jump":6699,"minecraft:walk_on_water_one_cm":80318,"minecraft:total_world_time":484996,"minecraft:interact_with_furnace":138,"minecraft:sleep_in_bed":19,"minecraft:time_since_rest":71533,"minecraft:damage_taken":6738,"minecraft:damage_dealt":14285,"minecraft:swim_one_cm":554424,"minecraft:fly_one_cm":1125197,"minecraft:open_chest":120,"minecraft:crouch_one_cm":66223,"minecraft:fall_one_cm":162076,"minecraft:horse_one_cm":118435},"minecraft:used":{"minecraft:cherry_sapling":18,"minecraft:iron_shovel":12,"minecraft:diamond_hoe":1365,"minecraft:chest":5,"minecraft:shield":119,"minecraft:iron_sword":217,"minecraft:iron_chestplate":1,"minecraft:cooked_chicken":1,"minecraft:rotten_flesh":1,"minecraft:netherrack":55,"minecraft:torch":2,"minecraft:dirt":57,"minecraft:carrot":95,"minecraft:granite":6,"minecraft:iron_hoe":1532,"minecraft:wooden_axe":39,"minecraft:iron_axe":59,"minecraft:iron_boots":1,"minecraft:bow":2,"minecraft:oak_sapling":2,"minecraft:goat_horn":1,"minecraft:furnace":8,"minecraft:egg":1,"minecraft:potato":2,"minecraft:cooked_beef":20,"minecraft:cobbled_deepslate":63,"minecraft:pointed_dripstone":1,"minecraft:wheat_seeds":105,"minecraft:cooked_mutton":6,"minecraft:water_bucket":55,"minecraft:diorite":1,"minecraft:oak_planks":10,"minecraft:stone_pickaxe":484,"minecraft:wooden_pickaxe":1,"minecraft:leather_chestplate":1,"minecraft:diamond_axe":119,"minecraft:golden_apple":1,"minecraft:mossy_cobblestone":1,"minecraft:sand":2,"minecraft:crafting_table":15,"minecraft:blast_furnace":1,"minecraft:white_bed":8,"minecraft:diamond_pickaxe":65,"minecraft:diamond_shovel":131,"minecraft:bread":48,"minecraft:iron_pickaxe":737,"minecraft:gravel":5,"minecraft:stone_axe":82,"minecraft:wooden_sword":2,"minecraft:cobblestone":83,"minecraft:cooked_porkchop":4,"minecraft:andesite":14,"minecraft:bucket":57,"minecraft:oak_boat":2,"minecraft:bone_meal":28,"minecraft:experience_bottle":3},"minecraft:dropped":{"minecraft:water_bucket":1,"minecraft:bread":206,"minecraft:oak_slab":1,"minecraft:birch_planks":2,"minecraft:wheat_seeds":11,"minecraft:oak_pressure_plate":1,"minecraft:diamond":1,"minecraft:crafting_table":1,"minecraft:dripstone_block":1,"minecraft:oak_fence":3,"minecraft:cobblestone":1,"minecraft:book":9,"minecraft:granite":1,"minecraft:coal":1,"minecraft:leather_helmet":1,"minecraft:dirt":1,"minecraft:wooden_axe":3,"minecraft:oak_stairs":1,"minecraft:sand":31,"minecraft:iron_pickaxe":4,"minecraft:iron_shovel":1,"minecraft:dark_oak_planks":16,"minecraft:bucket":2,"minecraft:cauldron":4,"minecraft:redstone":5,"minecraft:dark_oak_door":6,"minecraft:stone_axe":1,"minecraft:kelp":4,"minecraft:golden_chestplate":1,"minecraft:stone_sword":2,"minecraft:raw_copper":2,"minecraft:wheat":3,"minecraft:pointed_dripstone":9,"minecraft:iron_hoe":1,"minecraft:diamond_shovel":1,"minecraft:poppy":2,"minecraft:leather_chestplate":1,"minecraft:potato":12,"minecraft:shield":1,"minecraft:diamond_pickaxe":1,"minecraft:yellow_bed":2,"minecraft:leather_boots":3,"minecraft:oak_sapling":3,"minecraft:chainmail_boots":1,"minecraft:leather_leggings":1,"minecraft:stone_pickaxe":1,"minecraft:wooden_pickaxe":2},"minecraft:crafted":{"minecraft:cherry_planks":84,"minecraft:wooden_sword":1,"minecraft:oak_planks":60,"minecraft:raw_iron":9,"minecraft:leather_boots":2,"minecraft:diamond_hoe":2,"minecraft:cooked_chicken":1,"minecraft:furnace":2,"minecraft:bone_meal":39,"minecraft:diamond_shovel":1,"minecraft:dark_oak_door":3,"minecraft:iron_boots":3,"minecraft:iron_axe":2,"minecraft:iron_hoe":7,"minecraft:stone_pickaxe":5,"minecraft:chest":4,"minecraft:wheat":846,"minecraft:cooked_beef":8,"minecraft:cooked_porkchop":49,"minecraft:diamond_axe":1,"minecraft:crafting_table":4,"minecraft:wooden_pickaxe":2,"minecraft:iron_helmet":2,"minecraft:iron_sword":5,"minecraft:leather_helmet":1,"minecraft:bucket":3,"minecraft:birch_planks":28,"minecraft:bread":286,"minecraft:air":0,"minecraft:iron_chestplate":4,"minecraft:diamond_pickaxe":1,"minecraft:shield":5,"minecraft:stick":80,"minecraft:iron_ingot":144,"minecraft:leather_chestplate":1,"minecraft:iron_pickaxe":8,"minecraft:wooden_axe":2,"minecraft:iron_shovel":2,"minecraft:iron_leggings":2,"minecraft:torch":36}},"DataVersion":3465}